,population,co2,co2_per_capita,energy_per_capita,cement_co2,coal_co2,oil_co2,gas_co2,flaring_co2,share_global_co2,temperature_change_from_co2,HDI rank,location,Human Development Index (HDI) ,Life expectancy at birth,Expected years of schooling,Mean years of schooling,Gross national income (GNI) per capita,GNI per capita rank minus HDI rank,HDI rank.1
0,41128772.0,230.757,0.295,676.696,2.537,62.74,139.306,20.225,5.9559999999999995,0.033,0.001,182.0,Afghanistan,0.462,62.9,10.7,2.5,1335.0,2.0,181
1,2842318.0,298.889,1.743,14100.432,26.015,67.911,188.056,16.755,0.151,0.013,0.0,74.0,Albania,0.789,76.8,14.5,10.1,15293.0,7.0,74
2,44903228.0,5076.843,3.927,15252.127,244.075,116.856,1715.419,2248.805,751.692,0.475,0.002,93.0,Algeria,0.745,77.1,15.5,7.0,10978.0,13.0,93
3,79843.0,15.694,4.617,,0.0,0.0,15.694,0.0,0.0,0.001,0.0,35.0,Andorra,0.884,83.6,12.8,11.6,54233.0,-15.0,43
4,35588996.0,678.976,0.452,2791.332,27.122,1.601,329.903,48.349000000000004,272.002,0.043,0.004,150.0,Angola,0.591,61.9,12.2,5.8,5328.0,-11.0,150
5,93772.0,25.441,6.422,29464.332,0.0,0.0,25.441,0.0,0.0,0.002,0.0,54.0,Antigua and Barbuda,0.826,79.2,15.5,10.5,18784.0,18.0,54
6,45510324.0,8814.511,4.238,21994.422,206.62800000000001,548.034,4830.372,3060.498,168.981,0.519,0.011,48.0,Argentina,0.849,76.1,19.0,11.1,22048.0,17.0,47
7,2780472.0,389.733,2.305,17684.547,15.696,44.745,160.379,166.754,2.156,0.017,0.0,76.0,Armenia,0.786,73.4,14.4,11.3,15388.0,4.0,79
9,8939617.0,5635.134,6.878,42685.379,141.676,2755.162,1939.035,756.509,4.822,0.166,0.002,22.0,Austria,0.926,82.4,16.4,12.3,56530.0,-5.0,22
10,10358078.0,2539.712,3.675,18747.918,32.909,0.294,1401.356,1089.863,15.3,0.102,0.001,89.0,Azerbaijan,0.76,73.5,12.7,10.6,15018.0,-7.0,95
11,409989.0,173.185,5.171,35447.574,4.2620000000000005,0.279,168.651,0.0,0.0,0.006,0.0,57.0,Bahamas,0.82,74.4,11.9,12.7,32535.0,-9.0,67
13,171186368.0,1769.943,0.596,2912.048,25.277,130.21,525.075,1089.055,0.32,0.275,0.002,129.0,Bangladesh,0.67,73.7,11.9,7.4,6511.0,2.0,130
14,281646.0,70.082,4.377,23025.998,3.956,0.06,64.054,1.788,0.23399999999999999,0.003,0.0,62.0,Barbados,0.809,77.7,16.5,9.9,14810.0,24.0,63
15,9534956.0,5071.255,6.167,31132.697,85.333,548.127,2998.11,1374.819,10.144,0.158,0.004,69.0,Belarus,0.801,73.2,14.0,12.2,18425.0,5.0,65
16,11655923.0,12734.945,7.688,58395.824,225.917,7547.835,3477.625,1402.596,3.424,0.241,0.006,12.0,Belgium,0.942,82.3,18.9,12.5,53644.0,9.0,13
17,405285.0,20.572,1.789,7437.571,0.0,0.0,20.508,0.053,0.012,0.002,0.0,118.0,Belize,0.7,71.0,12.4,8.8,9242.0,-3.0,115
18,13352864.0,129.515,0.631,2484.818,6.717,2.025,119.441,1.337,0.0,0.023,0.001,173.0,Benin,0.504,60.0,10.3,3.1,3406.0,-14.0,173
19,782457.0,21.283,1.349,27785.357,6.665,5.272,9.339,0.0,0.0,0.003,0.0,125.0,Bhutan,0.681,72.2,13.1,5.8,10625.0,-15.0,125
20,12224114.0,582.518,1.758,7062.148,30.328,0.447,332.279,170.323,49.159,0.058,0.003,120.0,Bolivia,0.698,64.9,15.0,9.8,7988.0,3.0,119
21,3233530.0,1002.251,6.103,23013.498,12.215,792.701,172.015,24.989,0.331,0.053,0.001,80.0,Bosnia and Herzegovina,0.779,75.3,13.3,10.5,16571.0,-3.0,77
22,2630300.0,162.864,2.839,9385.398,0.23800000000000002,95.339,67.291,0.004,0.0,0.02,0.0,114.0,Botswana,0.708,65.9,11.4,10.4,14842.0,-29.0,124
23,215313504.0,17176.783,2.245,17299.75,822.542,2544.488,11773.217,1387.835,472.68,1.301,0.051,89.0,Brazil,0.76,73.4,15.6,8.3,14616.0,0.0,84
25,6781955.0,3916.706,6.804,34175.52,106.801,2191.999,1230.596,347.674,10.459,0.124,0.002,70.0,Bulgaria,0.799,71.5,13.9,11.4,25921.0,-12.0,70
26,22673764.0,80.828,0.263,904.726,8.705,0.003,72.116,0.0,0.0,0.016,0.001,185.0,Burkina Faso,0.438,59.8,8.1,2.3,2037.0,-9.0,185
27,12889583.0,14.544,0.062,293.889,0.009000000000000001,0.757,13.778,0.0,0.0,0.002,0.0,187.0,Burundi,0.42,62.0,10.0,3.3,712.0,5.0,187
28,16767851.0,207.148,1.19,4035.081,33.663,31.991999999999997,141.472,0.0,0.024,0.054,0.001,148.0,Cambodia,0.6,69.9,11.6,5.2,4291.0,0.0,147
29,27914542.0,290.014,0.343,1593.62,21.013,0.273,197.343,16.088,55.306,0.026,0.002,151.0,Cameroon,0.587,61.0,13.4,6.5,3681.0,3.0,152
31,593162.0,15.473,0.959,7249.497,0.074,0.244,15.157,0.0,0.0,0.002,0.0,131.0,Cape Verde,0.661,74.7,11.5,6.1,7601.0,-4.0,132
32,5579148.0,11.801,0.041,286.132,0.0,0.02,11.783,0.0,0.0,0.001,0.0,191.0,Central African Republic,0.387,54.5,7.3,4.0,869.0,0.0,191
33,17723312.0,44.933,0.134,361.161,1.369,0.012,38.29,0.0,5.261,0.006,0.0,189.0,Chad,0.394,53.0,8.2,2.3,1389.0,-6.0,189
34,19603736.0,3085.969,4.304,25342.707,58.335,954.27,1656.51,333.98199999999997,82.877,0.227,0.003,44.0,Chile,0.86,79.5,16.8,11.1,24431.0,15.0,42
35,1425887360.0,260619.243,7.993,31051.48,16403.182,195401.44,35689.188,7896.011,158.326,30.678,0.128,75.0,China,0.788,78.6,15.2,8.1,18025.0,0.0,74
36,51874028.0,3635.827,1.922,11746.604,196.155,763.234,1915.589,690.224,70.634,0.268,0.009,91.0,Colombia,0.758,73.7,14.4,8.9,15014.0,-8.0,89
37,836783.0,6.257,0.493,1633.784,0.0,0.0,6.257,0.0,0.0,0.001,0.0,152.0,Comoros,0.586,63.7,13.0,6.2,3261.0,8.0,151
38,5970430.0,172.242,1.245,2348.011,3.54,0.037,64.419,15.508,88.745,0.02,0.001,149.0,Congo,0.593,63.1,12.4,8.3,2903.0,14.0,146
39,5180836.0,267.783,1.523,11957.598,20.988,0.802,245.995,0.0,0.0,0.021,0.001,64.0,Costa Rica,0.806,77.3,16.1,8.8,20248.0,2.0,60
40,28160548.0,366.459,0.417,2370.596,0.0,0.6569999999999999,275.63,86.001,4.17,0.032,0.004,166.0,Cote d'Ivoire,0.534,58.9,10.1,4.2,5376.0,-30.0,166
41,4030361.0,1146.474,4.349,23468.168,80.91,147.874,679.772,212.736,19.151,0.047,0.001,39.0,Croatia,0.878,79.2,15.6,12.3,34324.0,5.0,37
42,11212198.0,1663.968,1.866,9229.538,59.49,11.28,1547.565,44.784,0.851,0.056,0.002,85.0,Cuba,0.764,78.2,14.5,10.5,7953.0,40.0,92
43,1251492.0,307.303,5.617,25359.791,34.964,4.208,266.764,0.028,0.0,0.019,0.0,29.0,Cyprus,0.907,81.9,16.2,12.4,40137.0,7.0,29
44,10493990.0,12175.353,9.336,44242.148,151.999,9785.816,1467.528,706.694,8.923,0.264,0.005,32.0,Czechia,0.895,78.1,16.3,12.9,39945.0,6.0,31
45,99010216.0,223.099,0.036,410.887,14.554,46.794,140.994,0.25,20.503999999999998,0.01,0.009,180.0,Democratic Republic of Congo,0.481,59.7,9.6,7.2,1080.0,9.0,180
46,5882259.0,4142.16,4.94,32197.939,81.22,1850.367,1894.433,281.425,18.849,0.078,0.002,5.0,Denmark,0.952,81.9,18.8,13.0,62019.0,6.0,8
47,1120851.0,19.951999999999998,0.404,2785.072,0.845,0.0,19.104,0.0,0.0,0.001,0.0,171.0,Djibouti,0.515,62.9,8.0,3.9,4875.0,-29.0,170
48,72758.0,5.147,2.106,10547.773,0.0,0.0,5.147,0.0,0.0,0.0,0.0,97.0,Dominica,0.74,73.0,13.6,9.2,12468.0,-1.0,97
49,11228821.0,791.789,2.105,9987.583,56.462,57.699,644.784,32.85,0.0,0.064,0.001,82.0,Dominican Republic,0.766,74.2,13.6,9.2,18653.0,-9.0,84
50,1341298.0,10.869,0.499,1615.498,0.0,0.0,7.429,0.0,3.441,0.002,0.0,155.0,East Timor,0.566,69.1,13.2,6.0,1629.0,24.0,153
51,18001002.0,1299.526,2.312,12150.252,70.191,0.0,1112.1,35.024,82.205,0.112,0.002,83.0,Ecuador,0.765,77.9,14.9,9.0,10693.0,25.0,90
52,110990096.0,6978.828,2.333,9960.062,569.433,182.716,3837.17,2255.867,133.637,0.697,0.003,105.0,Egypt,0.728,70.2,12.9,9.8,12361.0,-8.0,103
53,6336393.0,248.025,1.217,7076.433,18.913,0.10400000000000001,229.018,0.0,0.0,0.021,0.0,127.0,El Salvador,0.674,71.5,11.9,7.2,8886.0,-7.0,127
54,1674916.0,144.117,3.031,12399.339,0.0,0.0,27.949,70.451,45.719,0.014,0.0,133.0,Equatorial Guinea,0.65,61.2,12.1,8.3,10663.0,-24.0,133
55,3684041.0,18.44,0.189,914.495,1.275,0.0,17.164,0.0,0.0,0.002,0.0,175.0,Eritrea,0.493,66.6,7.3,5.1,1957.0,2.0,174
56,1326064.0,1654.631,7.776,46504.863,22.193,1174.805,377.475,74.935,2.841,0.028,0.001,31.0,Estonia,0.899,79.2,15.9,13.5,37152.0,9.0,32
57,1201680.0,43.333,1.053,5981.112,0.0,21.121,22.211,0.0,0.0,0.003,0.0,142.0,Eswatini,0.61,56.4,14.9,5.7,8392.0,-21.0,142
58,123379928.0,300.281,0.155,871.584,44.654,16.543,239.083,0.0,0.011,0.051,0.003,176.0,Ethiopia,0.492,65.6,9.9,2.4,2369.0,-8.0,176
59,929769.0,50.862,1.155,9222.848,2.465,1.888,46.505,0.004,0.0,0.003,0.0,104.0,Fiji,0.729,68.3,13.8,10.4,11234.0,0.0,110
60,5540745.0,3262.945,6.527,58966.16,49.242,1271.3,1667.032,243.844,2.751,0.097,0.002,12.0,Finland,0.942,82.4,19.2,12.9,49522.0,11.0,11
61,64626624.0,39397.693,4.604,36051.793,713.456,19125.559,15498.383,3741.264,173.377,0.801,0.016,28.0,France,0.91,83.2,16.0,11.7,47379.0,-1.0,27
62,2388997.0,301.38100000000003,2.388,8009.644,4.219,0.008,107.983,21.597,167.566,0.015,0.001,123.0,Gabon,0.693,65.7,12.4,9.6,11194.0,-18.0,123
63,2705995.0,16.079,0.285,931.273,0.0,0.0,16.079,0.0,0.0,0.002,0.0,174.0,Gambia,0.495,62.9,9.0,4.5,2090.0,-1.0,174
64,3744385.0,682.597,2.963,20834.768,20.832,83.689,317.332,257.984,2.766,0.03,0.0,60.0,Georgia,0.814,71.6,16.7,12.7,15952.0,19.0,59
65,83369840.0,93985.871,7.984,40977.492,1219.846,64911.32,20116.222,7338.645,95.406,1.792,0.041,7.0,Germany,0.95,81.0,17.3,14.3,55340.0,11.0,7
66,33475870.0,388.54,0.622,3483.363,2.976,4.163,338.305,37.883,5.208,0.056,0.001,145.0,Ghana,0.602,63.9,11.6,6.4,5380.0,-10.0,144
67,10384972.0,4193.598,5.745,30410.344,286.269,1645.335,2056.832,178.97299999999998,0.424,0.161,0.002,33.0,Greece,0.893,80.6,20.0,11.4,31382.0,20.0,33
68,125459.0,8.926,2.713,9432.062,0.0,0.0,8.926,0.0,0.0,0.001,0.0,73.0,Grenada,0.793,75.3,16.6,9.9,13593.0,18.0,73
69,17843914.0,479.892,1.076,5712.118,36.853,50.652,391.02,0.439,0.926,0.052,0.002,136.0,Guatemala,0.629,68.7,10.8,5.7,8996.0,-17.0,136
70,13859349.0,98.207,0.357,1281.525,0.0,0.218,97.99,0.0,0.0,0.013,0.001,181.0,Guinea,0.471,59.0,10.2,2.4,2404.0,-14.0,182
71,2105580.0,10.782,0.155,677.328,0.0,0.0,10.782,0.0,0.0,0.001,0.0,179.0,Guinea-Bissau,0.483,59.9,10.5,3.7,1880.0,-1.0,179
72,808727.0,108.998,4.374,13690.034,1.154,0.143,106.617,0.0,1.082,0.01,0.001,95.0,Guyana,0.742,66.0,13.0,8.6,35783.0,-54.0,105
73,11585003.0,80.56,0.211,1030.881,4.676,0.9470000000000001,74.932,0.0,0.0,0.007,0.0,158.0,Haiti,0.552,63.7,11.1,5.6,2802.0,6.0,158
74,10432858.0,282.796,1.07,5086.934,21.657,5.414,255.725,0.0,0.0,0.03,0.001,138.0,Honduras,0.624,70.7,10.0,7.3,5272.0,2.0,138
75,7488863.0,1685.732,4.082,29152.305,33.42,805.015,702.591,144.706,0.0,0.082,0.001,4.0,Hong Kong,0.956,84.3,17.8,12.3,62486.0,6.0,3
76,9967304.0,5106.255,4.45,26660.49,90.991,2622.709,1297.95,1057.721,12.99,0.119,0.002,47.0,Hungary,0.851,75.0,15.1,12.2,34196.0,-2.0,46
77,372903.0,164.38,9.5,165870.875,2.75,23.891000000000002,133.121,0.009000000000000001,4.433,0.01,0.0,3.0,Iceland,0.959,82.8,19.1,13.8,54688.0,16.0,4
78,1417173120.0,59740.694,1.997,7143.406,2788.68,38570.354,15507.088,2702.186,172.389,7.617,0.036,134.0,India,0.644,67.7,12.6,6.6,6951.0,-6.0,135
79,275501344.0,15712.11,2.646,9854.455,710.299,4444.422,7526.785,2607.694,422.922,1.962,0.04,112.0,Indonesia,0.713,68.3,14.0,8.6,12046.0,-12.0,113
80,88550568.0,19852.75,7.799,38133.086,560.603,217.364,9577.573,7836.877,1660.323,1.859,0.009,78.0,Iran,0.78,74.6,14.1,10.7,14770.0,10.0,77
81,44496124.0,4811.892,4.025,14392.053,164.236,0.201,3302.783,465.854,878.83,0.482,0.002,128.0,Iraq,0.673,71.3,12.2,6.8,9092.0,-11.0,128
82,5023108.0,2302.11,7.721,37761.402,75.922,886.572,1005.413,315.373,0.1,0.104,0.001,7.0,Ireland,0.95,82.7,19.1,11.7,87468.0,-3.0,9
83,9038313.0,2485.483,6.209,33643.016,87.703,816.664,1361.367,219.722,0.024999999999999998,0.151,0.001,25.0,Israel,0.915,82.6,15.0,13.4,43588.0,9.0,26
84,59037472.0,25416.444,5.727,28910.201,957.891,4766.835,13801.718,5645.966,97.435,0.91,0.011,30.0,Italy,0.906,84.1,16.7,10.7,44284.0,1.0,30
85,2827382.0,464.812,2.295,12235.784,15.269,6.6240000000000006,437.721,5.202999999999999,0.0,0.017,0.0,115.0,Jamaica,0.706,70.6,12.5,9.2,9695.0,-2.0,114
86,123951696.0,67734.911,8.502,39984.914,2029.133,24629.148,33551.538,7209.954,16.032,2.837,0.031,24.0,Japan,0.92,84.8,15.5,12.7,43644.0,9.0,22
87,11285875.0,741.999,2.03,9183.148,55.193,9.859,573.524,103.41499999999999,0.013000000000000001,0.062,0.0,99.0,Jordan,0.736,74.2,12.6,10.4,9295.0,15.0,98
89,54027484.0,534.098,0.46,1952.694,71.119,31.235,431.747,0.0,0.0,0.067,0.001,146.0,Kenya,0.601,62.1,11.4,7.7,4808.0,-3.0,147
90,131237.0,2.149,0.518,2446.698,0.0,0.0,2.149,0.0,0.0,0.0,0.0,137.0,Kiribati,0.628,67.7,11.8,9.1,3440.0,21.0,137
92,6630621.0,860.73,1.425,9274.61,34.283,418.208,315.024,87.669,5.556,0.025,0.001,117.0,Kyrgyzstan,0.701,70.5,13.0,12.0,4782.0,28.0,116
93,7529477.0,199.716,3.08,18847.086,25.792,110.972,62.958,0.0,0.0,0.062,0.001,139.0,Laos,0.62,69.0,10.2,5.9,7745.0,-13.0,140
94,1850654.0,964.426,3.562,21435.611,17.098,152.968,628.788,161.771,1.561,0.018,0.001,37.0,Latvia,0.879,75.9,16.6,13.3,32083.0,13.0,39
95,5489744.0,775.525,4.354,18831.662,70.503,17.864,686.583,0.579,0.0,0.064,0.0,109.0,Lebanon,0.723,74.4,12.1,8.6,12313.0,-11.0,104
96,2305826.0,69.502,1.359,2132.814,0.0,53.729,15.772,0.0,0.0,0.008,0.0,168.0,Lesotho,0.521,53.0,11.1,7.5,2709.0,-3.0,168
97,5302690.0,50.827,0.165,1064.616,2.839,0.0,47.987,0.0,0.0,0.002,0.001,177.0,Liberia,0.487,61.1,10.5,5.3,1330.0,8.0,177
98,6812344.0,2349.423,9.242,28270.334,72.115,1.1360000000000001,1309.493,470.654,496.041,0.169,0.001,92.0,Libya,0.746,72.2,14.0,7.8,19752.0,-25.0,90
99,39355.0,9.723,3.81,,0.0,0.0,7.918,1.805,0.0,0.0,0.0,12.0,Liechtenstein,0.942,84.7,15.5,12.4,146673.0,-11.0,14
100,2750058.0,1580.612,4.606,23151.053,48.315,172.432,1048.46,295.069,12.72,0.034,0.001,37.0,Lithuania,0.879,74.3,16.4,13.5,38131.0,2.0,36
101,647601.0,769.469,11.618,60334.328,20.562,358.503,311.74,76.48,0.0,0.02,0.0,20.0,Luxembourg,0.927,82.6,14.2,13.0,78554.0,-15.0,19
102,29611718.0,105.248,0.149,507.644,2.329,16.466,86.46000000000001,0.0,0.0,0.012,0.003,177.0,Madagascar,0.487,65.2,9.2,4.6,1464.0,4.0,177
103,20405318.0,54.694,0.103,464.983,3.586,12.769,38.341,0.0,0.0,0.006,0.001,172.0,Malawi,0.508,62.9,11.5,5.2,1432.0,10.0,172
104,33938216.0,6489.359,8.577,39586.996,267.013,1264.489,2847.651,1934.411,175.802,0.784,0.007,63.0,Malaysia,0.807,76.3,12.9,10.7,27295.0,-7.0,68
105,523798.0,28.299,3.248,17669.365,0.0,0.0,28.299,0.0,0.0,0.005,0.0,87.0,Maldives,0.762,80.8,12.2,7.8,18847.0,-16.0,88
106,22593598.0,85.786,0.312,1168.567,4.524,0.0,81.258,0.0,0.0,0.019,0.0,188.0,Mali,0.41,59.4,7.0,1.6,2044.0,-13.0,188
107,533293.0,107.318,3.104,74324.461,0.0,6.41,96.718,4.165,0.0,0.004,0.0,25.0,Malta,0.915,83.7,15.9,12.2,44464.0,5.0,25
108,41593.0,3.715,3.635,,0.0,0.0,3.715,0.0,0.0,0.0,0.0,102.0,Marshall Islands,0.731,65.1,16.4,12.8,6855.0,28.0,101
109,4736146.0,86.382,0.957,3988.532,0.0,0.441,84.935,0.0,1.01,0.012,-0.0,164.0,Mauritania,0.54,64.7,8.1,4.8,5344.0,-26.0,164
110,1299478.0,124.016,3.27,19724.719,0.0,34.366,89.655,0.0,0.0,0.011,0.0,72.0,Mauritius,0.796,74.0,14.6,10.0,23252.0,-12.0,72
111,127504120.0,21119.477,4.015,19009.186,720.721,1579.361,13732.643,4609.07,477.687,1.378,0.014,77.0,Mexico,0.781,74.8,14.5,9.2,19138.0,-7.0,83
112,114178.0,4.5889999999999995,1.324,6387.088,0.0,0.0,4.5889999999999995,0.0,0.0,0.0,0.0,135.0,Micronesia (country),0.634,70.9,12.6,7.3,3709.0,18.0,134
113,3272993.0,1348.973,1.657,16006.373,36.842999999999996,408.763,700.0260000000001,199.748,3.5940000000000003,0.015,0.001,86.0,Moldova,0.763,68.6,14.9,11.8,12964.0,8.0,81
114,3398373.0,767.037,11.151,22407.674,7.063,636.418,123.43599999999999,0.0,0.114,0.102,0.001,96.0,Mongolia,0.741,72.7,14.5,9.4,10351.0,15.0,99
115,627082.0,109.316,3.656,18940.291,0.0,76.967,32.313,0.0,0.034,0.006,0.0,50.0,Montenegro,0.844,76.8,15.1,12.6,22513.0,12.0,49
116,37457976.0,1878.645,1.826,6855.11,175.5,503.711,1165.045,34.38,0.0,0.184,0.001,120.0,Morocco,0.698,75.0,14.6,6.1,7955.0,4.0,122
117,32969520.0,191.733,0.243,2241.226,17.563,44.209,112.089,16.892,0.977,0.022,0.002,183.0,Mozambique,0.461,59.6,10.7,3.9,1219.0,4.0,183
118,54179312.0,674.132,0.645,3064.848,23.594,59.99,407.516,176.523,6.501,0.094,0.007,144.0,Myanmar,0.608,67.3,12.1,6.5,4038.0,6.0,145
119,2567024.0,82.371,1.54,8748.273,4.424,2.474,75.476,0.0,0.0,0.011,0.0,142.0,Namibia,0.61,58.1,11.8,7.2,9200.0,-26.0,139
120,12691.0,4.966,4.17,21609.617,0.0,0.0,4.966,0.0,0.0,0.0,0.0,122.0,Nauru,0.696,64.0,12.6,9.2,14939.0,-38.0,117
121,30547586.0,193.865,0.507,1607.635,31.606,51.351,110.912,0.0,0.0,0.042,0.001,146.0,Nepal,0.601,70.5,12.6,4.5,4026.0,5.0,149
122,17564020.0,12020.517,7.137,56000.762,56.439,3888.566,4014.844,3990.1910000000003,31.275,0.337,0.006,10.0,Netherlands,0.946,82.5,18.6,12.6,57278.0,4.0,11
123,5185289.0,1949.169,6.212,44939.27,34.199,637.119,888.137,338.07,30.343,0.087,0.002,16.0,New Zealand,0.939,83.0,19.7,12.9,43665.0,16.0,14
124,6948395.0,187.434,0.799,4265.271,8.797,0.0,178.641,0.0,0.0,0.015,0.002,130.0,Nicaragua,0.669,74.6,12.6,7.3,5427.0,4.0,129
125,26207982.0,55.302,0.117,409.757,0.791,12.624,40.521,0.298,1.06,0.008,0.001,189.0,Niger,0.394,62.1,7.2,1.3,1283.0,-3.0,190
126,218541216.0,4421.014,0.589,2547.954,155.989,70.708,1866.474,781.224,1546.616,0.347,0.007,161.0,Nigeria,0.548,53.6,10.5,7.6,4755.0,-15.0,162
127,2093606.0,525.951,3.625,13874.975,0.0,320.086,198.979,6.725,0.161,0.02,0.0,83.0,North Macedonia,0.765,73.9,13.0,10.2,16396.0,-5.0,82
128,5434324.0,2710.465,7.509,96926.234,63.337,619.973,1445.982,483.898,74.268,0.11,0.001,2.0,Norway,0.966,83.4,18.6,13.1,69190.0,6.0,2
130,235824864.0,5455.116,0.849,4242.753,337.017,846.043,2260.328,1982.393,29.341,0.539,0.003,164.0,Pakistan,0.54,66.4,7.9,4.4,5374.0,-27.0,165
131,18084.0,11.003,12.124,,0.0,0.0,11.003,0.0,0.0,0.001,0.0,71.0,Palau,0.797,65.4,17.2,13.0,19344.0,-2.0,64
132,5250076.0,67.081,0.666,3999.195,0.0,0.0,67.07,0.0,0.011,0.009,0.0,111.0,Palestine,0.716,73.4,13.2,9.9,6936.0,18.0,110
133,4408582.0,333.319,2.699,27067.068,19.503,18.241,289.903,5.6739999999999995,0.0,0.032,0.001,57.0,Panama,0.82,76.8,13.2,10.7,32029.0,-6.0,57
134,10142625.0,195.097,0.771,2123.498,0.0,0.056,171.63400000000001,17.127,6.287,0.021,0.001,154.0,Papua New Guinea,0.568,66.0,11.1,4.9,3710.0,-2.0,155
135,6780745.0,195.359,1.33,15782.273,9.769,0.054,185.546,0.0,0.0,0.024,0.002,102.0,Paraguay,0.731,70.5,13.9,8.9,13161.0,-9.0,99
136,34049588.0,2006.057,1.789,9835.475,122.675,121.9,1465.622,269.144,26.711,0.164,0.003,87.0,Peru,0.762,73.4,14.8,10.0,11916.0,14.0,86
137,115559008.0,3680.391,1.301,5066.786,256.118,973.542,2305.712,141.722,3.302,0.405,0.007,113.0,Philippines,0.71,72.2,12.8,9.0,9059.0,5.0,118
138,39857144.0,28503.614,8.107,30065.42,430.91,23377.953,3163.161,1257.795,119.297,0.87,0.012,36.0,Poland,0.881,77.0,15.9,13.2,35151.0,7.0,35
139,10270857.0,2694.573,4.051,25094.396,163.66,652.159,1598.991,234.035,19.725,0.112,0.001,42.0,Portugal,0.874,82.2,16.8,9.6,35315.0,0.0,39
141,19659270.0,8733.455,3.74,18346.869,262.233,2606.854,2835.815,2958.297,32.612,0.198,0.004,53.0,Romania,0.827,74.1,14.5,11.4,31641.0,-1.0,52
142,144713312.0,119290.814,11.417,55459.422,1681.88,45986.424,33613.078,35887.474,1548.154,4.447,0.075,56.0,Russia,0.821,70.1,15.7,12.4,26992.0,1.0,55
143,13776702.0,32.627,0.112,471.355,1.998,0.094,29.755,0.758,0.024,0.004,0.0,161.0,Rwanda,0.548,67.1,11.4,4.9,2317.0,8.0,163
144,47681.0,6.819,4.708,20900.703,0.0,0.0,6.819,0.0,0.0,0.001,0.0,51.0,Saint Kitts and Nevis,0.838,72.0,18.4,10.8,28442.0,3.0,51
145,179872.0,15.34,2.615,13599.725,0.0,0.0,15.34,0.0,0.0,0.001,0.0,108.0,Saint Lucia,0.725,71.3,12.7,8.6,14778.0,-21.0,109
146,103959.0,7.47,2.296,8245.438,0.0,0.0,7.47,0.0,0.0,0.001,0.0,81.0,Saint Vincent and the Grenadines,0.772,69.0,16.3,11.0,14049.0,9.0,80
147,222390.0,7.3100000000000005,1.122,7302.089,0.0,0.0,7.3100000000000005,0.0,0.0,0.001,0.0,116.0,Samoa,0.702,72.6,12.4,11.4,4970.0,25.0,112
148,33690.0,0.0,,,0.0,0.0,0.0,0.0,0.0,,,43.0,San Marino,0.867,83.4,12.4,10.5,57687.0,-30.0,44
149,227393.0,3.741,0.582,3310.244,0.0,0.0,3.741,0.0,0.0,0.0,0.0,141.0,Sao Tome and Principe,0.613,68.8,12.7,5.9,4054.0,8.0,143
151,17316452.0,270.901,0.674,2505.209,44.72,20.811,204.239,1.1219999999999999,0.011,0.031,0.0,169.0,Senegal,0.517,67.9,9.1,2.9,3464.0,-12.0,170
152,7221365.0,2895.878,6.025,27640.852,73.596,2143.465,474.957,202.792,1.063,0.117,0.001,65.0,Serbia,0.805,74.1,14.5,11.5,19494.0,3.0,60
153,107135.0,14.923,6.15,45933.664,0.0,0.0,14.923,0.0,0.0,0.002,0.0,67.0,Seychelles,0.802,71.7,13.9,11.2,28386.0,-12.0,71
154,8605723.0,38.81,0.131,492.598,0.0,0.865,37.946,0.0,0.0,0.003,0.001,184.0,Sierra Leone,0.458,60.4,9.0,3.5,1613.0,-4.0,184
155,5975689.0,2190.387,8.912,147084.844,0.0,26.096,1793.318,370.976,0.0,0.143,0.001,9.0,Singapore,0.949,84.1,16.9,11.9,88761.0,-6.0,10
156,5643455.0,3968.45,6.052,33887.691,90.71600000000001,2683.407,643.092,517.081,0.742,0.092,0.002,45.0,Slovakia,0.855,75.3,14.7,13.0,32171.0,4.0,45
157,2119843.0,886.812,5.998,34391.094,28.708,383.336,393.758,71.563,4.72,0.034,0.0,22.0,Slovenia,0.926,82.1,17.4,12.9,41587.0,13.0,24
158,724272.0,11.024,0.412,1892.131,0.0,0.0,11.024,0.0,0.0,0.001,0.0,156.0,Solomon Islands,0.562,70.7,10.3,5.9,2273.0,14.0,155
159,17597508.0,34.03,0.037,217.41,0.10300000000000001,0.0,33.927,0.0,0.0,0.002,0.0,193.0,Somalia,0.38,56.1,7.6,1.9,1072.0,-3.0,..
160,59893884.0,21859.984,6.746,22350.898,259.885,18862.077,2521.944,211.91,4.164,1.088,0.012,110.0,South Africa,0.717,61.5,14.3,11.6,13186.0,-18.0,105
161,51815808.0,19528.81,11.599,68126.188,982.957,8625.463,7488.367,2209.361,0.012,1.618,0.009,19.0,South Korea,0.929,84.0,16.5,12.6,46026.0,10.0,20
162,10913172.0,43.327,0.168,731.989,0.0,0.106,43.219,0.0,0.0,0.005,0.001,192.0,South Sudan,0.381,55.6,5.6,5.7,691.0,1.0,192
163,47558632.0,15299.338,5.164,33615.332,712.951,4882.64,7781.184,1719.798,87.119,0.661,0.007,27.0,Spain,0.911,83.9,17.8,10.6,40043.0,10.0,28
164,21832150.0,533.972,0.794,4347.636,27.223,69.657,437.091,0.0,0.0,0.047,0.001,78.0,Sri Lanka,0.78,76.6,13.6,11.2,11899.0,24.0,76
165,46874200.0,500.816,0.47,2317.393,22.856,1.283,463.738,0.0,12.935,0.059,0.001,170.0,Sudan,0.516,65.6,8.5,3.9,3515.0,-14.0,169
166,618046.0,124.663,5.803,20284.996,1.337,1.3800000000000001,121.752,0.188,0.004,0.01,0.0,124.0,Suriname,0.69,70.3,11.0,8.4,12310.0,-25.0,121
167,10549349.0,5063.772,3.607,59926.805,113.063,1516.285,3324.8559999999998,72.324,17.031,0.102,0.003,5.0,Sweden,0.952,83.5,19.0,12.7,56996.0,10.0,5
168,8740471.0,3095.77,4.048,33350.754,139.96,592.428,2117.596,237.337,1.26,0.095,0.001,1.0,Switzerland,0.967,84.3,16.6,13.9,69433.0,6.0,1
169,22125242.0,1949.009,1.249,5507.217,75.369,0.644,1440.538,303.438,129.032,0.074,0.001,157.0,Syria,0.557,72.3,7.4,5.7,3594.0,-2.0,157
170,9952789.0,493.389,1.006,7674.914,22.755,127.906,255.883,84.759,2.091,0.027,0.0,126.0,Tajikistan,0.679,71.3,10.9,11.3,4807.0,18.0,125
171,65497752.0,276.598,0.238,907.404,31.739,17.032,200.218,27.6,0.01,0.042,0.004,167.0,Tanzania,0.532,66.8,8.6,5.6,2578.0,-1.0,167
172,71697024.0,7772.63,3.776,19616.777,646.959,1743.372,3510.675,1857.934,13.687,0.729,0.009,66.0,Thailand,0.803,79.7,15.6,8.8,16887.0,10.0,69
173,8848700.0,71.221,0.291,1115.704,21.95,0.0,48.12,1.152,0.0,0.007,0.0,163.0,Togo,0.547,61.6,13.0,5.6,2214.0,9.0,160
174,106867.0,4.79,1.769,6698.594,0.0,0.0,4.79,0.0,0.0,0.001,0.0,98.0,Tonga,0.739,71.3,16.3,10.9,6360.0,34.0,95
176,12356116.0,996.67,2.879,9524.104,132.696,14.598,542.057,288.538,18.785,0.096,0.001,101.0,Tunisia,0.732,74.3,14.6,8.0,10297.0,11.0,101
177,85341248.0,11786.777,5.105,22824.15,950.768,4806.597,3993.826,1881.359,5.805,1.173,0.006,45.0,Turkey,0.855,78.5,19.7,8.8,32834.0,2.0,48
178,6430777.0,2517.08,11.034,71367.344,36.576,62.039,1014.16,1326.391,77.91499999999999,0.191,0.002,94.0,Turkmenistan,0.744,69.4,13.2,11.1,12860.0,1.0,93
179,11335.0,0.303,1.0,0.0,0.0,0.0,0.303,0.0,0.0,0.0,0.0,132.0,Tuvalu,0.653,64.9,12.1,10.6,4754.0,15.0,131
180,47249588.0,118.372,0.127,766.846,9.033,0.0,109.334,0.0,0.0,0.016,0.001,159.0,Uganda,0.55,63.6,11.5,6.2,2241.0,12.0,160
181,39701744.0,30961.508,3.558,16309.124,405.285,17138.244,6777.874,6349.3099999999995,173.091,0.38,0.017,100.0,Ukraine,0.734,68.6,13.3,11.1,11416.0,3.0,86
183,67508936.0,78834.706,4.72,30097.885,527.931,56877.536,13696.698,7320.928,293.75,0.858,0.034,15.0,United Kingdom,0.94,82.2,17.6,13.4,46624.0,13.0,17
185,3422796.0,387.785,2.306,18316.926,21.163,4.104,359.525,3.004,0.0,0.021,0.001,52.0,Uruguay,0.83,78.0,17.4,9.1,22207.0,12.0,56
186,34627648.0,6483.169,3.483,16929.814,181.383,569.427,1660.696,3956.175,115.489,0.325,0.003,106.0,Uzbekistan,0.727,71.7,12.0,11.9,8056.0,16.0,105
187,326744.0,5.234,0.636,2957.444,0.0,0.155,5.079,0.0,0.0,0.001,0.0,140.0,Vanuatu,0.614,70.5,11.8,7.2,3244.0,21.0,141
188,28301700.0,7642.844,2.717,21683.146,149.567,38.287,3899.89,2354.265,1200.836,0.207,0.006,119.0,Venezuela,0.699,71.1,13.5,9.6,6184.0,14.0,120
189,98186856.0,5023.289,3.5,12983.017,697.921,2494.257,1466.998,325.195,38.916,0.925,0.006,107.0,Vietnam,0.726,74.6,13.1,8.5,10814.0,0.0,108
190,33696612.0,687.572,0.337,1080.039,23.568,5.8389999999999995,599.642,14.02,44.511,0.031,0.0,186.0,Yemen,0.424,63.7,7.9,2.8,1106.0,2.0,186
191,20017670.0,268.456,0.446,3418.863,18.426,123.457,126.575,0.0,0.0,0.024,0.002,153.0,Zambia,0.569,61.8,11.0,7.3,3157.0,9.0,154
192,16320539.0,798.693,0.543,2635.154,21.068,623.777,153.846,0.0,0.0,0.024,0.001,159.0,Zimbabwe,0.55,59.4,11.0,8.8,2079.0,15.0,159
